source_concept_id,source_term,target_concept_id,target_concept_name,predicate,target_concept_id_b,target_concept_name_b,predicate_b
8690,"Unspecified enthesopathy, lower limb, excluding foot",4116324,Enthesopathy of lower leg and ankle region,exactMatch,4116324,Enthesopathy of lower leg and ankle region,broadMatch
9724,"Lead-induced chronic gout, unspecified elbow",607432,Chronic gout caused by lead,broadMatch,NA,NA,NA
9770,"Chronic gout due to renal impairment, right elbow",46270464,Gout of elbow due to renal impairment,broadMatch,NA,NA,NA
9946,"Pathological fracture, left ankle",760649,Pathological fracture of left ankle,exactMatch,NA,NA,NA
10389,Unspecified fracture of skull,4324690,Fracture of skull,exactMatch,NA,NA,NA
10443,"Ocular laceration without prolapse or loss of intraocular tissue, unspecified eye",372479,Laceration of eye,exactMatch,NA,NA,NA
10446,"Penetrating wound of orbit with or without foreign body, unspecified eye",4334734,Penetrating wound of orbit,exactMatch,NA,NA,NA
12399,"Fracture of unspecified shoulder girdle, part unspecified",37168846,Fracture of bone of shoulder girdle,exactMatch,NA,NA,NA
20735,Drowning and submersion due to falling or jumping from unspecified burning watercraft,4068331,Submersion and drowning due to falling from burning ship,broadMatch,4068331,Submersion and drowning due to falling from burning ship,exactMatch
725278,"Alcohol use, unspecified with withdrawal delirium",377830,Alcohol withdrawal delirium,exactMatch,NA,NA,NA
725283,"Sedative, hypnotic or anxiolytic abuse with withdrawal",4184438,"Sedative, hypnotic AND/OR anxiolytic intoxication delirium",broadMatch,NA,NA,NA
725289,"Cocaine use, unspecified with withdrawal",4216493,Cocaine withdrawal,exactMatch,NA,NA,NA
785947,Other retinal disorders in diseases classified elsewhere,378416,Retinal disorder,exactMatch,NA,NA,NA
785995,Other forms of angina pectoris,321318,Angina pectoris,exactMatch,NA,NA,NA
785998,Other forms of acute ischemic heart disease,319844,Acute ischemic heart disease,exactMatch,NA,NA,NA
786005,Other specified chronic obstructive pulmonary disease,255573,Chronic obstructive pulmonary disease,exactMatch,NA,NA,NA
786007,Other specified chronic obstructive pulmonary disease,255573,Chronic obstructive pulmonary disease,exactMatch,NA,NA,NA
786099,Other congenital malformations of liver,444421,Congenital anomaly of liver,exactMatch,NA,NA,NA
786340,"Husband, current, perpetrator of maltreatment and neglect",4113020,Finding relating to aggressive behavior,broadMatch,NA,NA,NA
786349,"Non-binary partner, current, perpetrator of maltreatment and neglect",4113020,Finding relating to aggressive behavior,broadMatch,NA,NA,NA
920125,Sarcoma of dendritic cells (accessory cells),607994,Dendritic cell sarcoma,exactMatch,NA,NA,NA
1102626,Fanconi anemia,4148471,Fanconi's anemia,exactMatch,NA,NA,NA
1102629,"Type 1 diabetes mellitus, presymptomatic, Stage 1",37174264,Presymptomatic type 1 diabetes mellitus,exactMatch,NA,NA,NA
1102630,"Type 1 diabetes mellitus, presymptomatic, Stage 2",37174265,Presymptomatic type 1 diabetes mellitus,exactMatch,NA,NA,NA
1102631,Hypoglycemia level,24609,Hypoglycemia,exactMatch,NA,NA,NA
1102633,Hypoglycemia level 2,24609,Hypoglycemia,broadMatch,NA,NA,NA
1102634,Hypoglycemia level 3,24609,Hypoglycemia,broadMatch,4268413,Hypoglycemic attack requiring 3rd party assistance,exactMatch
1102635,"Carcinoid syndrome, unspecified",199771,Carcinoid syndrome,exactMatch,NA,NA,NA
1102637,Other carcinoid syndrome,199771,Carcinoid syndrome,exactMatch,NA,NA,NA
1102642,Other obesity not elsewhere classified,433736,Obesity,exactMatch,NA,NA,NA
1102643,Disorders of citrate metabolism,4021042,Disorder of organic acid metabolism,broadMatch,NA,NA,NA
1102646,Obesity due to disruption of MC4R pathway,37397209,Obesity due to melanocortin 4 receptor deficiency,exactMatch,NA,NA,NA
1102660,"Bulimia nervosa, mild",438407,Bulimia nervosa,broadMatch,NA,NA,NA
1102671,Pica in adults,437839,Pica,exactMatch,NA,NA,NA
1102672,Rumination disorder in adults,36716719,Adult rumination syndrome of ingested food,exactMatch,NA,NA,NA
1102673,KCNQ2-related epilepsy,36680579,KCNQ2-related epileptic encephalopathy,exactMatch,NA,NA,NA
1102680,Developmental and epileptic encephalopathy,37168142,Developmental and epileptic encephalopathy,exactMatch,NA,NA,NA
1102682,Fat embolism of pulmonary artery with acute cor pulmonale,4119608,Pulmonary fat embolism,broadMatch,NA,NA,NA
1102684,Fat embolism of pulmonary artery without acute cor pulmonale,4119608,Pulmonary fat embolism,exactMatch,4119608,Pulmonary fat embolism,broadMatch
1102696,"Anal fistula, unspecified",37203984,Anal fistula,exactMatch,NA,NA,NA
1102702,"Anal fistula, complex",37203984,Anal fistula,broadMatch,NA,NA,NA
1102708,"Rectal fistula, simple",4213865,Rectal fistula,exactMatch,4213865,Rectal fistula,broadMatch
1102712,"Rectal fistula, simple, unspecified",4213865,Rectal fistula,exactMatch,4213865,Rectal fistula,broadMatch
1102721,"Anorectal fistula, simple, recurrent",193807,Anorectal fistula,broadMatch,NA,NA,NA
1102730,"Lichen planopilaris, unspecified",4276173,Lichen planopilaris,exactMatch,NA,NA,NA
1102732,Frontal fibrosing alopecia,37399021,Frontal fibrosing alopecia,exactMatch,NA,NA,NA
1102745,"Unspecified synovitis and tenosynovitis, unspecified site",74728,Synovitis and tenosynovitis,exactMatch,NA,NA,NA
1102746,"Unspecified synovitis and tenosynovitis, shoulder",4118007,Synovitis/tenosynovitis - shoulder,exactMatch,NA,NA,NA
1102776,Bicuspid aortic valve,4218450,Bicuspid aortic valve,exactMatch,NA,NA,NA
1102778,Other congenital malformations of aortic and mitral valves,4322316,Congenital anomaly of heart valve,broadMatch,NA,NA,NA
1102780,Anosognosia,4050254,Anosognosia,exactMatch,NA,NA,NA
1102831,Progesterone receptor positive status,4219694,Progesterone receptor positive tumor,exactMatch,NA,NA,NA
1102832,Progesterone receptor negative status,4261934,Progesterone receptor negative neoplasm,exactMatch,NA,NA,NA
1102837,Hormone receptor positive,4167363,Hormone receptor positive tumor,exactMatch,NA,NA,NA
1102840,Hormone receptor negative,4230400,Hormone receptor negative neoplasm,exactMatch,NA,NA,NA
1102880,"Sezary disease, in remission",4041799,Sezary's disease,broadMatch,NA,NA,NA
1102895,Enteropathy-type (intestinal) T-cell lymphoma not having achieved remission,4082627,Enteropathy-associated T-cell lymphoma,exactMatch,NA,NA,NA
1102901,Angioimmunoblastic T-cell lymphoma not having achieved remission,4184976,Angioimmunoblastic T-cell lymphoma,exactMatch,4184976,Angioimmunoblastic T-cell lymphoma,broadMatch
1102902,"Angioimmunoblastic T-cell lymphoma, in remission",4144302,Hodgkin's disease in remission,broadMatch,NA,NA,NA
1102905,Waldenstrom macroglobulinemia not having achieved remission,4098597,Waldenstrom macroglobulinemia,exactMatch,NA,NA,NA
1102907,Heavy chain disease not having achieved remission,4288751,Heavy chain disease,exactMatch,4288751,Heavy chain disease,broadMatch
1102908,"Heavy chain disease, in remission",4288751,Heavy chain disease,broadMatch,NA,NA,NA
1102913,Other malignant immunoproliferative diseases not having achieved remission,4003834,Malignant immunoproliferative disease (clinical),exactMatch,NA,NA,NA
1102915,"Malignant immunoproliferative disease, unspecified not having achieved remission",4003834,Malignant immunoproliferative disease (clinical),exactMatch,4003834,Malignant immunoproliferative disease (clinical),broadMatch
1326522,"Degenerative myopia with retinal detachment, left eye",381281,Degenerative progressive high myopia,broadMatch,NA,NA,NA
1326600,Right heart failure,4273632,Right ventricular failure,exactMatch,NA,NA,NA
1326602,Acute right heart failure,4233424,Acute right-sided heart failure,exactMatch,NA,NA,NA
1326717,"Unspecified lump in the left breast, unspecified quadrant",760895,Mass of left breast,exactMatch,NA,NA,NA
1326728,Right tubal pregnancy without intrauterine pregnancy,37209658,Pregnancy of right fallopian tube,exactMatch,NA,NA,NA
1335082,Grey matter heterotopia,4099082,Neuronal heterotopia,exactMatch,4145642,Ectopic gray matter,exactMatch
1335147,Shprintzen-Goldberg syndrome,36717691,Shprintzen Goldberg craniosynostosis syndrome,exactMatch,NA,NA,NA
1402645,"Paraganglioma, NOS",4120306,Paraganglioma,exactMatch,NA,NA,NA
1402682,Plasma cell sarcoma (machine translation),4216139,Plasmacytoma,exactMatch,4216139,Plasmacytoma,broadMatch
1402983,Salmonella pneumonia (machine translation),258333,Salmonella pneumonia,exactMatch,NA,NA,NA
1403158,"Tuberculosis, bronchiectasis, pathology () (machine translation)",257775,Tuberculous bronchiectasis,exactMatch,NA,NA,NA
1403401,Tuberculous hydronephrosis (machine translation),73686,Tuberculosis of genitourinary system,broadMatch,NA,NA,NA
1403691,Diphtheria laryngotracheitis (machine translation),438680,Laryngeal diphtheria,exactMatch,NA,NA,NA
1403958,Other and unspecified syphilis,436033,Syphilis,exactMatch,NA,NA,NA
1405016,Plasmodium malariae malaria with other complications,438353,Quartan malaria,broadMatch,NA,NA,NA
1405272,Unspecified intestinal parasitism,196347,Intestinal parasitism,exactMatch,NA,NA,NA
1405305,Mixed pediculosis and phthiriasis,4148108,Pediculosis and phthirus infections,exactMatch,NA,NA,NA
1407242,Benign neoplasm: Other and unspecified parts of mouth,137813,Benign neoplasm of mouth region,exactMatch,NA,NA,NA
1407758,Sacral meningioma (machine translation),135767,Benign neoplasm of spinal meninges,broadMatch,NA,NA,NA
1409178,"Type 2 diabetes mellitus, with peripheral circulatory complications",443729,Peripheral circulatory disorder due to type 2 diabetes mellitus,exactMatch,NA,NA,NA
1409378,Pituitary abscess (machine translation),4265209,Abscess of pituitary,exactMatch,NA,NA,NA
1410337,"Mental and behavioural disorders due to use of opioids, harmful use",35610540,Harmful use of opioid,exactMatch,NA,NA,NA
1410448,"Mental and behavioural disorders due to use of hallucinogens, acute intoxication",4173746,Hallucinogen intoxication,exactMatch,NA,NA,NA
1410524,"Mental and behavioural disorders due to multiple drug use and use of other psychoactive substances, amnesic syndrome",37312034,Amnestic disorder caused by psychoactive substance,exactMatch,NA,NA,NA
1411019,Sexual relationship disorder,35623653,Sexual relationship problem,exactMatch,NA,NA,NA
1411039,"Mild mental retardation, Without mention of impairment of behaviour",432612,Mild intellectual disability,exactMatch,NA,NA,NA
1411230,"Bacterial meningitis, unspecified",436091,Bacterial meningitis,exactMatch,NA,NA,NA
1411284,Ventriculitis (machine translation),43531591,Ventriculitis of the brain,exactMatch,NA,NA,NA
1411316,Intracranial inflammatory granuloma (machine translation),43530721,Intracranial granuloma,exactMatch,NA,NA,NA
1411320,Intraspinal abscess and granuloma,4181187,Inflammatory disorder of head,broadMatch,NA,NA,NA
1411507,Pick's disease dementia (machine translation),44782710,Dementia due to Pick's disease,exactMatch,NA,NA,NA
1411661,Migraine with aura [classical migraine],381549,Migraine with aura,exactMatch,NA,NA,NA
1411837,Other cranial nerve disorders in other diseases classified elsewhere,441848,Cranial nerve disorder,exactMatch,NA,NA,NA
1412542,Pseudo-pterygium (machine translation),377564,Pseudopterygium,exactMatch,NA,NA,NA
1413053,Eye tumor (machine translation),4160345,Neoplasm of eye proper,exactMatch,NA,NA,NA
1413087,Disorders of other visual pathways,257293,Disorder of visual pathways,exactMatch,NA,NA,NA
1420635,Rotator cuff syndrome,4212887,Disorder of rotator cuff,exactMatch,4212887,Disorder of rotator cuff,broadMatch
1421301,Osseous stenosis of neural canal,4069651,Stenosis of spinal canal due to bone,exactMatch,NA,NA,NA
1421687,Other lower urinary tract calculus,197028,Calculus of lower urinary tract,exactMatch,NA,NA,NA
1421945,Other specified urinary incontinence,197672,Urinary incontinence,exactMatch,NA,NA,NA
1423040,Ectopic pregnancy shock (machine translation),46269808,Shock due to ectopic pregnancy,exactMatch,37167172,Shock following ectopic pregnancy,exactMatch
1423175,Pregnant women with pelvic inflammatory disease (machine translation),4060296,Infections of the genital tract in pregnancy,broadMatch,NA,NA,NA
1423189,Diabetes mellitus in pregnancy: Pre-existing malnutrition-related diabetes mellitus,606039,Pre-existing malnutrition-related diabetes mellitus in pregnancy,exactMatch,NA,NA,NA
1423535,Malformation of placenta,4143187,Anomaly of placenta,exactMatch,NA,NA,NA
1423740,Delivery complicated by fetal heart rate abnormalities (machine translation),443247,Labor and delivery complicated by fetal heart rate anomaly,exactMatch,NA,NA,NA
1424031,Toxic reaction to local anaesthesia during the puerperium,4061350,Toxic reaction to local anesthesia during the puerperium,exactMatch,NA,NA,NA
1424182,Pregnant women with hyperlipidemia (machine translation),4062791,"Endocrine, nutritional and metabolic disease complicating pregnancy, childbirth and puerperium",broadMatch,NA,NA,NA
1424365,Fetus and newborn affected by oligohydramnios,37167136,Fetal disorder due to oligohydramnios,exactMatch,NA,NA,NA
1425002,Transitory neonatal hyperthyroidism,4210297,Neonatal transient hyperthyroidism,exactMatch,NA,NA,NA
1426278,"Congenital malformation of female genitalia, unspecified",4243365,Congenital anomaly of female genital system,exactMatch,NA,NA,NA
1426609,Congenital dislocation of the elbow (machine translation),4161208,Congenital dislocation of elbow,exactMatch,NA,NA,NA
1427062,"Other congenital malformations, not elsewhere classified",4079975,Congenital malformation,exactMatch,NA,NA,NA
1427259,Cardiac murmurs and other cardiac sounds,4114164,Finding of heart sounds,broadMatch,NA,NA,NA
1427845,Abnormal plasma viscosity,4168839,Plasma viscosity outside reference range,exactMatch,NA,NA,NA
1429181,Injury of other pelvic organs,201436,Injury of pelvic organ,exactMatch,NA,NA,NA
1433619,Adverse effects in the therapeutic use of mineralocorticoids,4303811,Mineralocorticoid adverse reaction,exactMatch,NA,NA,NA
1434052,Blood alcohol level of less than 20 mg/100 ml,40484946,High alcohol level in blood,broadMatch,NA,NA,NA
1434357,Carrier of other specified bacterial diseases,4280828,Carrier of infectious organism,broadMatch,NA,NA,NA
1434620,"Twins, both stillborn",4015162,Twins - both stillborn,exactMatch,NA,NA,NA
1529217,"Chronic viral hepatitis B without delta-agent, other and unspecified phase",439674,Chronic viral hepatitis B without delta-agent,exactMatch,NA,NA,NA
1567318,Trichomoniasis,434872,Infection by Trichomonas,exactMatch,NA,NA,NA
1567339,Mosquito-borne viral encephalitis,372547,Viral encephalitis,broadMatch,NA,NA,NA
1567609,Malignant carcinoid tumors,1244536,Well-differentiated neuroendocrine tumor,broadMatch,NA,NA,NA
1567612,Malignant carcinoid tumors of other sites,1244536,Well-differentiated neuroendocrine tumor,broadMatch,NA,NA,NA
1567879,Postprocedural hemorrhage of the spleen following a procedure,4209571,Splenic hemorrhage,broadMatch,NA,NA,NA
1567883,Other combined immunodeficiencies,40483560,Combined immunodeficiency disease,exactMatch,NA,NA,NA
1568090,"Unspecified dementia, unspecified severity",4182210,Dementia,exactMatch,NA,NA,NA
1568098,Alcohol abuse with alcohol-induced psychotic disorder,37164773,Psychosis caused by ethanol,broadMatch,NA,NA,NA
1568207,Other schizophrenia,435783,Schizophrenia,exactMatch,NA,NA,NA
1568357,"Drug-induced headache, not elsewhere classified",46270383,Headache caused by drug,exactMatch,NA,NA,NA
1569434,Other intraoperative cardiac functional disturbances,4180636,Cardiac complication of procedure,broadMatch,NA,NA,NA
1569462,Influenza due to unidentified influenza virus,4266367,Influenza,exactMatch,NA,NA,NA
1569473,Other allergic rhinitis,257007,Allergic rhinitis,exactMatch,NA,NA,NA
1569476,Nasal polyp,42537251,Polyp of nasal cavity and/or nasal sinus,exactMatch,42537252,Polyp of nasal cavity,exactMatch
1569701,Other intestinal malabsorption,194993,Intestinal malabsorption,exactMatch,NA,NA,NA
1569886,"Staphylococcal arthritis, elbow",37310646,Arthritis of right elbow caused by Staphylococcus,broadMatch,NA,NA,NA
1569905,"Other streptococcal arthritis, hip",4197765,Bacterial arthritis of hip,broadMatch,NA,NA,NA
1569915,"Arthritis due to other bacteria, ankle and foot",40481620,Infective arthritis of ankle and/or foot,exactMatch,NA,NA,NA
1570780,"Other calcification of muscle, lower leg",40490403,Calcification of muscle,broadMatch,NA,NA,NA
1570785,"Other ossification of muscle, forearm",4196401,Muscular ossification,broadMatch,NA,NA,NA
1570851,Other infective (teno)synovitis,4195698,Tenosynovitis,broadMatch,NA,NA,NA
1570979,"Unspecified soft tissue disorder related to use, overuse and pressure lower leg",4093228,Disorder of soft tissue of lower limb,broadMatch,NA,NA,NA
1571345,"Osteopathy after poliomyelitis, hand",435055,Poliomyelitis osteopathy of the hand,exactMatch,NA,NA,NA
1571440,"Chondromalacia, hip",438531,Chondromalacia,broadMatch,NA,NA,NA
1571758,Continuing pregnancy after intrauterine death of one fetus or more,432373,Continuing pregnancy after intrauterine death of one or more fetuses,exactMatch,NA,NA,NA
1571843,"Antepartum hemorrhage, unspecified",434089,Antepartum hemorrhage,exactMatch,NA,NA,NA
1571905,Tuberculosis complicating pregnancy,4145952,Tuberculosis in pregnancy,exactMatch,NA,NA,NA
1572015,Umbilical hemorrhage of newborn,438259,Umbilical hemorrhage after birth,exactMatch,NA,NA,NA
1572055,Congenital lens malformations,4027702,Congenital anomaly of lens,exactMatch,NA,NA,NA
1572120,Congenital deformities of hip,77373,Congenital deformity of hip joint,exactMatch,NA,NA,NA
1572186,Abnormalities of heart beat,4262562,Abnormal heart beat,exactMatch,44784217,Cardiac arrhythmia,exactMatch
1572249,Dysphasia and aphasia,4024716,"Aphasia, agnosia, dyslexia AND/OR apraxia",broadMatch,NA,NA,NA
1572254,Fever of other and unknown origin,437663,Fever,exactMatch,4328373,Pyrexia of unknown origin,exactMatch
1572266,Systemic inflammatory response syndrome (SIRS) of non-infectious origin,44784134,Non-infectious systemic inflammatory response syndrome,exactMatch,NA,NA,NA
1572283,Proteinuria,75650,Proteinuria,exactMatch,NA,NA,NA
1572403,Contusion of eyeball and orbital tissues,433911,Contusion of eye AND ocular adnexa,exactMatch,NA,NA,NA
1572665,Injury of intercostal blood vessels,317713,Injury of blood vessels of thorax,broadMatch,NA,NA,NA
1572685,Unspecified injury of bronchus,4133990,Injury of bronchus,exactMatch,NA,NA,NA
1572787,Multiple fractures of pelvis with disruption of pelvic ring,77115,Multiple open fractures of pelvis with disruption of pelvic circle,broadMatch,NA,NA,NA
1572809,Injury of branches of celiac and mesenteric artery,37167847,Injury of blood vessel of abdomen,broadMatch,NA,NA,NA
1572934,Unspecified fracture of upper end of humerus,4133610,Fracture of upper end of humerus,exactMatch,NA,NA,NA
1573395,Unspecified fracture of navicular [scaphoid] bone of wrist,4137945,Fracture of scaphoid bone of wrist,exactMatch,NA,NA,NA
1573900,Injury of peroneal nerve at lower leg level,4106172,Traumatic injury of common peroneal nerve,exactMatch,NA,NA,NA
1574091,Fracture of unspecified tarsal bone(s),4134336,Fracture of tarsal bone,exactMatch,NA,NA,NA
1574259,Foreign body in other parts of respiratory tract,4094822,Foreign body in respiratory tract,exactMatch,NA,NA,NA
1574368,Burn of unspecified degree of wrist and hand,3657564,Burn of wrist and hand,exactMatch,NA,NA,NA
1574545,Corrosion of cornea and conjunctival sac,4335977,Injury of cornea,broadMatch,NA,NA,NA
1575178,Infection due to central venous catheter,42537043,CLABSI - central line associated bloodstream infection,broadMatch,NA,NA,NA
1575278,Infection and inflammatory reaction due to internal joint prosthesis,4308690,Prosthetic joint infection,broadMatch,NA,NA,NA
1575861,Military operations involving other firearms discharge,439446,Assault by military firearm,broadMatch,NA,NA,NA
1575911,Obstetric and gynecological devices associated with adverse incidents,43021248,Complication associated with genitourinary device,broadMatch,NA,NA,NA
1575914,Orthopedic devices associated with adverse incidents,43021250,Complication associated with orthopedic device,exactMatch,NA,NA,NA
1576184,Contact with and (suspected) exposure to hazards in the physical environment,37016166,Exposure to potentially hazardous substance,broadMatch,NA,NA,NA
1576270,Insect allergy status,3661864,Allergic reaction caused by insect bite and/or insect sting,broadMatch,NA,NA,NA
1595653,"Infection of obstetric surgical wound, superficial incisional site",37208108,Infection of superficial obstetric surgical wound,exactMatch,NA,NA,NA
21013352,Encephalopathy in endocrine and metabolic disorders classified elsewhere (machine translation),372892,Metabolic encephalopathy,exactMatch,NA,NA,NA
35104073,Subacute combined cord degeneration,140099,Subacute combined degeneration of spinal cord,exactMatch,NA,NA,NA
35104255,Polycythaemia vera,135214,Polycythemia vera (clinical),exactMatch,NA,NA,NA
35124545,Small cell lymphocytic lymphoma,4119130,Malignant lymphoma - small lymphocytic,exactMatch,NA,NA,NA
35205597,Gonococcal pharyngitis,30333,Gonorrhea of pharynx,exactMatch,NA,NA,NA
35205669,Urban rabies,377793,Rabies,broadMatch,NA,NA,NA
35205691,Lymphocytic choriomeningitis,434860,Meningitis caused by lymphocytic choriomeningitis virus,exactMatch,NA,NA,NA
35205698,Dengue fever [classical dengue],440022,Dengue,exactMatch,NA,NA,NA
35205805,Tinea barbae and tinea capitis,135473,Dermatophytosis,broadMatch,NA,NA,NA
35205856,Cutaneous chromomycosis,4080755,Cutaneous chromoblastomycosis,broadMatch,NA,NA,NA
35206544,Benign lipomatous neoplasm of intrathoracic organs,433167,Lipoma of intrathoracic organs,exactMatch,NA,NA,NA
35206545,Benign lipomatous neoplasm of intra-abdominal organs,196654,Lipoma of intra-abdominal organs,exactMatch,NA,NA,NA
35206716,"Anemia due to enzyme disorder, unspecified",444238,Anemia due to enzyme deficiency,exactMatch,601114,Anemia due to enzymopathy,exactMatch
35206744,Drug-induced aplastic anemia,4146088,Aplastic anemia due to drugs,exactMatch,NA,NA,NA
35207115,Amnestic disorder due to known physiological condition,36712678,Amnestic disorder associated with general medical condition,exactMatch,NA,NA,NA
35207549,Other specified disorders of choroid,432620,Disorder of choroid of eye,exactMatch,NA,NA,NA
35207645,Rheumatic mitral stenosis with insufficiency,4301373,Rheumatic mitral stenosis with regurgitation,exactMatch,NA,NA,NA
35207682,Other forms of angina pectoris,321318,Angina pectoris,exactMatch,NA,NA,NA
35207700,Other forms of acute ischemic heart disease,319844,Acute ischemic heart disease,exactMatch,NA,NA,NA
35208218,"Duodenal ulcer, unspecified as acute or chronic, without hemorrhage or perforation",4198381,Ulcer of duodenum,exactMatch,4209746,Duodenal ulcer without hemorrhage AND without perforation,exactMatch
35208415,Other specified diseases of the digestive system,4201745,Disorder of digestive system,exactMatch,NA,NA,NA
35208494,"Anogenital pruritus, unspecified",36685964,Pruritis of skin of anogenital region,exactMatch,NA,NA,NA
35208562,Drug photoallergic response,4286349,Drug-induced photosensitivity,exactMatch,4009034,Photoallergic dermatitis,exactMatch
35209145,Acquired deformity of chest and rib,40487194,Acquired deformity of chest wall,exactMatch,NA,NA,NA
35209278,"Chronic kidney disease, stage 5",443611,Chronic kidney disease stage 5,exactMatch,NA,NA,NA
35209296,"Small kidney, unspecified",195861,Small kidney,exactMatch,NA,NA,NA
35209386,Subacute and chronic vulvitis,4173450,Chronic vulvitis,broadMatch,4173450,Chronic vulvitis,broadMatch
35209457,"Noninflammatory disorder of vagina, unspecified",195867,Noninflammatory disorder of the vagina,exactMatch,NA,NA,NA
35210412,Newborn affected by other maternal complications of pregnancy,37167889,Early neonatal disorder due to maternal disorder during pregnancy,exactMatch,NA,NA,NA
35210484,Respiratory distress syndrome of newborn,258866,Respiratory distress syndrome in the newborn,exactMatch,NA,NA,NA
35210614,"Transitory disorder of carbohydrate metabolism of newborn, unspecified",441406,Disorder of fetus and/or newborn,broadMatch,NA,NA,NA
35210756,"Congenital malformation of anterior segment of eye, unspecified",436805,Congenital anomaly of anterior segment of eye,exactMatch,NA,NA,NA
35210962,Other congenital malformations of liver,444421,Congenital anomaly of liver,exactMatch,NA,NA,NA
35211161,Ectodermal dysplasia (anhidrotic),134757,Ectodermal dysplasia,broadMatch,NA,NA,NA
35225305,Family history of malignant neoplasm of digestive organs,4334494,Family history of malignant neoplasm of digestive organ,exactMatch,NA,NA,NA
35226391,AV block first degree,314379,First degree atrioventricular block,exactMatch,NA,NA,NA
35305794,Galactosaemia,439788,Galactosemia,exactMatch,NA,NA,NA
35305997,Congenital joint malformation,4316226,Congenital anomaly of joint,exactMatch,NA,NA,NA
35306057,Hepato-lenticular degeneration,4229262,Wilson's disease,exactMatch,NA,NA,NA
35506549,Myopathy endocrine,442342,Endocrine myopathy,exactMatch,NA,NA,NA
35607013,Optic ischaemic neuropathy,373487,Ischemic optic neuropathy,exactMatch,NA,NA,NA
35607283,Miller Fisher syndrome,4070552,Fisher's syndrome,exactMatch,NA,NA,NA
35634774,Squint,4329707,Strabismus,exactMatch,NA,NA,NA
35707597,Gastric cyst,37109182,Cyst of stomach,exactMatch,NA,NA,NA
35708029,Peritoneal infection,443796,Infectious peritonitis,exactMatch,NA,NA,NA
35708587,Foot and mouth disease,4141481,Hand foot and mouth disease,exactMatch,NA,NA,NA
35738840,Partial small intestinal obstruction,4181798,Partial obstruction of small bowel,exactMatch,NA,NA,NA
35739339,Colonic perforation,4177183,Perforation of colon,exactMatch,NA,NA,NA
35843794,Healing delayed,37312235,Delayed healing of wound,exactMatch,NA,NA,NA
36045304,Systemic anaphylaxis,441202,Anaphylaxis,exactMatch,NA,NA,NA
36110511,Induced abortion infection,43530964,Induced termination of pregnancy complicated by infectious disease,exactMatch,NA,NA,NA
36110888,Epstein-Barr virus infection,4345472,Epstein-Barr virus disease,exactMatch,NA,NA,NA
36251346,Broken ankle,4059173,Fracture of ankle,exactMatch,NA,NA,NA
36315364,Respiratory rate increased,317376,Tachypnea,exactMatch,NA,NA,NA
36569193,Effusion (l) knee,36684501,Effusion of joint of left knee,exactMatch,NA,NA,NA
36672513,Carcinoma uterine cervix in situ,194611,Carcinoma in situ of uterine cervix,exactMatch,NA,NA,NA
36774769,Progression of multiple sclerosis,37311816,Progressive multiple sclerosis,exactMatch,NA,NA,NA
36774872,Migraine type headaches,318736,Migraine,exactMatch,NA,NA,NA
36818761,Neonatal respiratory distress syndrome,258866,Respiratory distress syndrome in the newborn,exactMatch,NA,NA,NA
36919008,Poverty of thought content,4209458,Poverty of thought,exactMatch,NA,NA,NA
36919045,Emotional disorder,4305081,Emotional problems,exactMatch,444100,Mood disorder,exactMatch
36919053,Affective disorder,444100,Mood disorder,exactMatch,NA,NA,NA
36919162,"Schizophrenia, paranoid type",433450,Paranoid schizophrenia,exactMatch,NA,NA,NA
37080642,Nephrotic syndrome with lesion of proliferative glomerulonephritis,197319,Nephrotic syndrome with proliferative glomerulonephritis,exactMatch,NA,NA,NA
37081344,"Acute nephritic syndrome, Other",4189531,Acute nephritis,exactMatch,4298809,Nephritic syndrome,broadMatch
37081600,Neoplasm of uncertain or unknown behaviour: Ovary,200675,Neoplasm of uncertain behavior of ovary,exactMatch,NA,NA,NA
37081789,Other specified salmonella infections,133685,Salmonella infection,exactMatch,NA,NA,NA
37082072,"Malnutrition-related diabetes mellitus, with coma",4221933,Coma due to malnutrition-related diabetes mellitus,exactMatch,NA,NA,NA
37082094,Diabetes mellitus in connection with deficient nutrition or malnutritionwith multiple complications: Not described as derailed,37160913,Disorder due to malnutrition related diabetes mellitus,broadMatch,NA,NA,NA
37082127,Other specified diabetes mellitus: With peripheral vascular complications: Not reported as derailed,321822,Peripheral vascular disorder due to diabetes mellitus,exactMatch,NA,NA,NA
37082661,"Mental and behavioural disorders due to use of cannabinoids, withdrawal state with delirium",4220197,Cannabis intoxication delirium,exactMatch,4220197,Cannabis intoxication delirium,broadMatch
37082830,Specific (isolated) phobias,4182847,Simple phobia,exactMatch,NA,NA,NA
37083265,Parkinson disease,381270,Parkinson's disease,exactMatch,NA,NA,NA
37083340,Subacute combined degeneration of spinal cord in diseases classified elsewhere,140099,Subacute combined degeneration of spinal cord,exactMatch,NA,NA,NA
37083523,Nerve root and plexus compressions in other dorsopathies,43531045,Lesion of nerve root and/or plexus,broadMatch,NA,NA,NA
37084048,Glaucoma secondary to eye trauma,440396,Glaucoma due to ocular trauma,exactMatch,NA,NA,NA
37084578,Nonrheumatic tricuspid (valve) insufficiency,4111412,"Tricuspid incompetence, non-rheumatic",exactMatch,NA,NA,NA
37084659,Atrial fibrillation: paroxysmal,4154290,Paroxysmal atrial fibrillation,exactMatch,NA,NA,NA
37084767,"Cerebral aneurysm, nonruptured",4029497,Aneurysm of cerebral artery,exactMatch,NA,NA,NA
37084958,"Lymphoedema, not elsewhere classified",435839,Lymphedema,exactMatch,NA,NA,NA
37085667,West Nile virus infection,438970,Disease caused by West Nile virus,exactMatch,NA,NA,NA
37085900,Rubella without complication,4273323,Rubella,exactMatch,NA,NA,NA
37086807,"Chronic viral hepatitis, unspecified",4012113,Chronic viral hepatitis,exactMatch,NA,NA,NA
37087035,"Rheumatoid bursitis, other",134453,Bursitis,broadMatch,NA,NA,NA
37087206,"Juvenile ankylosing spondylitis, other",4083681,Juvenile ankylosing spondylitis,exactMatch,NA,NA,NA
37087421,"Familial chondrocalcinosis, forearm",4035750,Familial chondrocalcinosis,broadMatch,NA,NA,NA
37087581,"Gout arthropathy due to enzyme defects and other congenital diseases: hand [fingers, wrist, metacarpal, joints between these bones]",4035752,Gout secondary to enzyme defect,broadMatch,NA,NA,NA
37087754,Hallux valgus (acquired),75911,Acquired hallux valgus,exactMatch,NA,NA,NA
37088295,"Other idiopathic scoliosis, sacral and sacrococcygeal region",138841,Disorder of sacrum,broadMatch,NA,NA,NA
37088465,"Other specified deforming dorsopathies, thoracic region",4183247,Deformity of thoracic spine,exactMatch,NA,NA,NA
37089004,"Myositis, unspecified",73001,Myositis,exactMatch,NA,NA,NA
37089352,Spontaneous rupture of unspecified tendon,439907,Non-traumatic tendon rupture,exactMatch,NA,NA,NA
37089588,Plasmodium vivax malaria,433960,Vivax malaria,exactMatch,NA,NA,NA
37089810,"Fibromyalgia, hand",40405599,Fibromyalgia,broadMatch,NA,NA,NA
37089999,"Idiopathic osteoporosis, upper arm",81390,Idiopathic osteoporosis,broadMatch,NA,NA,NA
37090164,"Adult osteomalacia, unspecified, upper arm",76191,Disorder of upper arm,broadMatch,NA,NA,NA
37090172,Disorders of continuity of bone,4344386,Disorder of continuity of bone,exactMatch,NA,NA,NA
37090672,Other specified disorders of bone,75909,Disorder of bone,exactMatch,NA,NA,NA
37090689,"Disorder of bone, unspecified, pelvic region and thigh",43531054,Disorder of pelvis,broadMatch,NA,NA,NA
37090735,"Osteonecrosis in caisson disease, multiple sites",4069528,Osteonecrosis due to Caisson disease,exactMatch,45757800,Dysbaric osteonecrosis,exactMatch
37090758,"Osteonecrosis in other diseases classified elsewhere, multiple sites",4287786,Osteonecrosis,broadMatch,NA,NA,NA
37090828,"Osteochondrosis dissecans: pelvic region and thigh [pelvis, femur, buttocks, hips, hip joint, sacroiliac joint]",437359,Osteochondritis dissecans,broadMatch,NA,NA,NA
37091304,"Disorder of prostate, unspecified",196734,Disorder of prostate,exactMatch,NA,NA,NA
37091346,Disorders of prostate in diseases classified elsewhere,196734,Disorder of prostate,exactMatch,NA,NA,NA
37091592,Classical hydatidiform mole,4129710,Complete hydatidiform mole,exactMatch,NA,NA,NA
37091614,"Medical abortion, incomplete, complicated by embolism",37163809,Incomplete induced termination of pregnancy complicated by embolism,exactMatch,NA,NA,NA
37091617,"Medical abortion, complete or unspecified, complicated by genital tract and pelvic infection",43530910,Induced termination of pregnancy complicated by genital-pelvic infection,exactMatch,NA,NA,NA
37091889,Other premature separation of placenta,198488,Placental abruption,exactMatch,NA,NA,NA
37092117,Cerebral venous thrombosis in the puerperium,4066234,Cerebral venous thrombosis in puerperium,exactMatch,NA,NA,NA
37092153,Malignant neoplasm: Overlapping lesion of floor of mouth,140955,Overlapping malignant neoplasm of floor of mouth,exactMatch,NA,NA,NA
37092544,Other neonatal aspiration syndromes,434154,Neonatal aspiration syndrome,exactMatch,NA,NA,NA
37093016,"Congenital malformation of cardiac septum, unspecified",4245646,Congenital septal defect of heart,exactMatch,NA,NA,NA
37093223,"Congenital malformations of lips, not elsewhere classified",4033966,Congenital anomaly of lip,exactMatch,NA,NA,NA
37093264,Other congenital malformations of intestine,4130372,Congenital anomaly of intestinal tract,exactMatch,NA,NA,NA
37093308,Unicornate uterus,4028991,Uterus unicornis,exactMatch,NA,NA,NA
37094135,"Abnormal findings in cerebrospinal fluid, Abnormal histological findings",4172064,Abnormal histological findings in CSF,exactMatch,NA,NA,NA
37095180,Chronic erythremia,135214,Polycythemia vera (clinical),exactMatch,NA,NA,NA
37095656,Sarcoma of dendritic cells (accessory cells),607994,Dendritic cell sarcoma,exactMatch,NA,NA,NA
37119729,Haematocoele female,200150,Female hematocele,exactMatch,NA,NA,NA
37200077,"Diabetes mellitus due to underlying condition with proliferative diabetic retinopathy without macular edema, bilateral",195771,Secondary diabetes mellitus,broadMatch,NA,NA,NA
37200082,"Diabetes mellitus due to underlying condition with diabetic macular edema, resolved following treatment, bilateral",195771,Secondary diabetes mellitus,broadMatch,NA,NA,NA
37200127,Drug or chemical induced diabetes mellitus with stable proliferative diabetic retinopathy,4202383,Drug-induced diabetes mellitus,broadMatch,NA,NA,NA
37200139,"Drug or chemical induced diabetes mellitus with diabetic macular edema, resolved following treatment, bilateral",380097,Macular edema due to diabetes mellitus,broadMatch,NA,NA,NA
37200223,"Type 2 diabetes mellitus with proliferative diabetic retinopathy with macular edema, left eye",43530685,Proliferative retinopathy due to type 2 diabetes mellitus,broadMatch,NA,NA,NA
37200332,"Carpal tunnel syndrome, bilateral upper limbs",760925,Bilateral carpal tunnel syndrome,exactMatch,NA,NA,NA
37200967,"Mild to moderate pre-eclampsia, complicating childbirth",439393,Pre-eclampsia,broadMatch,NA,NA,NA
37201112,"Other coma, without documented Glasgow coma scale score, or with partial score reported, 24 hours or more after hospital admission",380834,Coma,broadMatch,380834,Coma,exactMatch
37201411,"Fracture of other specified skull and facial bones, right side",4302223,Fracture of bone of head,broadMatch,NA,NA,NA
37202299,Other specified procedure converted to open procedure,46272989,Failed procedure using minimal access approach converted to open procedure,exactMatch,NA,NA,NA
37219908,Cough decreased,4199298,Decreased coughing,exactMatch,NA,NA,NA
37223342,Other specified limb deformities - Multiple sites (machine translation),133857,Acquired deformity of limb,broadMatch,NA,NA,NA
37223503,"Other specific joint derangements, not elsewhere classified, forearm",78228,Joint derangement,broadMatch,NA,NA,NA
37223508,"Other specific joint derangements, not elsewhere classified, other",78228,Joint derangement,exactMatch,NA,NA,NA
37223683,"Juvenile idiopathic scoliosis, lumbosacral region",4067872,Adolescent idiopathic scoliosis,broadMatch,NA,NA,NA
37223852,"Osteomyelitis of vertebra, lumbosacral region",195906,Disorder of lumbar spine,broadMatch,NA,NA,NA
37223903,"Anterior spinal and vertebral artery compression syndromes, multiple sites in spine",4032003,Anterior spinal artery compression syndrome,broadMatch,NA,NA,NA
37224058,"Enterobacterial spondylitis, site unspecified",4068478,Enterobacterial spondylitis,exactMatch,NA,NA,NA
37224088,"Collapsed vertebra in diseases classified elsewhere, site unspecified",4222001,Collapse of vertebra,exactMatch,NA,NA,NA
37224191,"Other dorsalgia, occipito-atlanto-axial region",4133638,Pain in cervical spine,broadMatch,NA,NA,NA
37224682,"Necrotizing fasciitis, other",133566,Necrotizing fasciitis,exactMatch,NA,NA,NA
37224781,"Enthesopathy, unspecified, upper arm",42537682,Enthesopathy of upper limb,exactMatch,NA,NA,NA
37224790,"Rheumatism, unspecified, forearm",136779,Disorder of forearm,broadMatch,NA,NA,NA
37224955,"Other osteoporosis with pathological fracture, other",40480160,Osteoporotic fracture,exactMatch,NA,NA,NA
37224965,"Unspecified osteoporosis with pathological fracture, other",40480160,Osteoporotic fracture,exactMatch,NA,NA,NA
37225260,"Osteitis condensans, hand",75920,Osteitis condensans,broadMatch,NA,NA,NA
37225373,"Other chronic haematogenous osteomyelitis, ankle and foot",137077,Chronic osteomyelitis of ankle and/or foot,exactMatch,NA,NA,NA
37225618,"Osteonecrosis in other diseases classified elsewhere, multiple sites",4287786,Osteonecrosis,broadMatch,NA,NA,NA
37225693,"Chondrolysis, forearm",136779,Disorder of forearm,broadMatch,NA,NA,NA
37225820,"Recurrent and persistent haematuria, other",79864,Hematuria syndrome,broadMatch,NA,NA,NA
37282746,Familial (FPAH),4119611,Familial primary pulmonary hypertension,exactMatch,NA,NA,NA
37320084,Punctate keratosis,4300110,Punctate palmoplantar keratoderma,broadMatch,NA,NA,NA
37383969,Exanthem,140214,Eruption,broadMatch,NA,NA,NA
37402416,"Dementia in other diseases classified elsewhere, moderate, with agitation",762704,Moderate dementia,broadMatch,NA,NA,NA
37402457,"Unspecified dementia, severe, with anxiety",441542,Anxiety,broadMatch,NA,NA,NA
37402466,"Cocaine use, unspecified, in remission",37162280,Disorder caused by psychoactive substance,broadMatch,NA,NA,NA
37402467,"Other stimulant use, unspecified, in remission",37164332,Nondependent psychostimulant abuse in remission,exactMatch,NA,NA,NA
37402468,"Hallucinogen use, unspecified, in remission",37162280,Disorder caused by psychoactive substance,broadMatch,NA,NA,NA
37402469,"Inhalant use, unspecified, in remission",37162280,Disorder caused by psychoactive substance,broadMatch,NA,NA,NA
37604135,Abnormal findings in cerebrospinal fluid,4065770,Cerebrospinal fluid examination abnormal,exactMatch,NA,NA,NA
37604162,Abnormal results of liver function studies,438878,Liver function tests outside reference range,exactMatch,NA,NA,NA
37604386,Adverse effects in the therapeutic use of antiparkinsonism drugs,443602,Adverse reaction to antiparkinsonism drug,exactMatch,NA,NA,NA
37604557,Attention to artificial openings,1242753,Attention to stoma,exactMatch,NA,NA,NA
37604869,"Acute onset vascular dementia with other, mainly hallucinatory symptoms, severe",4046089,Vascular dementia of acute onset,broadMatch,NA,NA,NA
37605180,"Dementia in Creutzfeldt-Jakob disease, with other symptoms, predominantly hallucinatory, mild",4180284,Dementia due to Creutzfeldt Jakob disease,broadMatch,NA,NA,NA
37605737,Ventricular premature depolarization,4089462,Ventricular premature complex,exactMatch,NA,NA,NA
37605894,Hereditary factor VIII deficiency,434007,Hereditary factor VIII deficiency disease,exactMatch,NA,NA,NA
37606067,Benign lipomatous neoplasm,4112852,Benign lipomatous tumor,exactMatch,NA,NA,NA
37606919,Other osteomyelitis,141663,Osteomyelitis,exactMatch,NA,NA,NA
37607004,Endocarditis and heart valve disorders in diseases classified elsewhere,440736,Endocarditis associated with another disorder,broadMatch,NA,NA,NA
37607152,Other diseases of Bartholin gland,4103650,Disorder of Bartholin's gland,exactMatch,NA,NA,NA
37607165,Other schizophrenia,435783,Schizophrenia,exactMatch,NA,NA,NA
37607287,Alveolar and parietoalveolar conditions,257907,Disorder of lung,broadMatch,NA,NA,NA
37607571,Exposure to noise,434238,Exposed to noise,exactMatch,NA,NA,NA
37607584,Adverse effects in the therapeutic use of aminoglycosides,4099883,Aminoglycosides adverse reaction,exactMatch,NA,NA,NA
37607634,"Naevus, non-neoplastic",135287,Non-neoplastic nevus,exactMatch,NA,NA,NA
37608196,Disorders of zinc metabolism,4263312,Disorder of zinc metabolism,exactMatch,NA,NA,NA
37608257,Non-neuropathic heredofamilial amyloidosis,4030362,Familial non-neuropathic amyloidosis,exactMatch,NA,NA,NA
37608458,Other retinal detachments,378414,Retinal detachment,exactMatch,NA,NA,NA
37609039,Nonrheumatic tricuspid (valve) stenosis with insufficiency,4111414,Non-rheumatic tricuspid valve stenosis with insufficiency,exactMatch,NA,NA,NA
37609134,Other specified diseases of upper respiratory tract,254068,Disorder of upper respiratory system,exactMatch,NA,NA,NA
37609365,Lack of physical exercise,4165091,Lack of exercise,exactMatch,NA,NA,NA
37609391,Other mononeuropathies of lower limb,43531028,Mononeuropathy of lower limb,exactMatch,NA,NA,NA
37609802,Active stage of trachoma,375736,"Trachoma, active stage",exactMatch,NA,NA,NA
37610053,Malignant neoplasm: Overlapping lesion of corpus uteri,198082,Overlapping malignant neoplasm of body of uterus,exactMatch,NA,NA,NA
37610161,Toxic epidermal necrolysis [Lyell],35625873,Lyell syndrome,exactMatch,NA,NA,NA
37610986,"Tricuspid valve disease, unspecified",316993,Tricuspid valve disorder,exactMatch,NA,NA,NA
37611086,Acute posthaemorrhagic anaemia,434894,Acute posthemorrhagic anemia,exactMatch,NA,NA,NA
37611262,Extra marker chromosomes,40480271,Extra unidentified structurally abnormal chromosome,exactMatch,NA,NA,NA
37611631,Rotator cuff syndrome,4212887,Disorder of rotator cuff,exactMatch,NA,NA,NA
37611822,Pilonidal cyst without abscess,4165681,Pilonidal cyst,exactMatch,NA,NA,NA
37612241,Other gender identity disorders,4338512,Gender identity disorder,exactMatch,NA,NA,NA
37612559,Gonococcal pharyngitis,30333,Gonorrhea of pharynx,exactMatch,NA,NA,NA
37613302,Endometrial glandular hyperplasia,200775,Endometrial hyperplasia,exactMatch,NA,NA,NA
37613473,Eclampsia in labour,4034096,Eclampsia in labor,exactMatch,NA,NA,NA
37613552,Irritant contact dermatitis due to other agents,4004352,Irritant contact dermatitis,exactMatch,NA,NA,NA
37613645,Acn� excori�e ,4004094,Excoriated acne,exactMatch,NA,NA,NA
37613740,Hepatitis A with hepatic coma,194856,Hepatic coma due to viral hepatitis A,exactMatch,NA,NA,NA
37613827,"Mental disorders and diseases of the nervous system complicating pregnancy, childbirth and the puerperium",4063155,"Disease of nervous system complicating pregnancy, childbirth and puerperium",broadMatch,NA,NA,NA
37614022,Supervision of normal first pregnancy,4061424,Antenatal care: primigravida,broadMatch,NA,NA,NA
37614126,"Type 2 diabetes mellitus, with neurological complications",376065,Disorder of nervous system due to type 2 diabetes mellitus,exactMatch,NA,NA,NA
37615331,"Mixed conductive and sensorineural hearing loss, unspecified",379832,Mixed conductive AND sensorineural hearing loss,exactMatch,NA,NA,NA
37615395,Embolism and thrombosis of other arteries,312337,Arterial embolus and thrombosis,exactMatch,NA,NA,NA
37622382,Artery dissection,46272492,Dissection of artery,exactMatch,NA,NA,NA
37688988,Aortic sclerosis,4195690,Aortic valve sclerosis,exactMatch,NA,NA,NA
42483611,Allergic purpura,4101602,Immunoglobulin A vasculitis,exactMatch,NA,NA,NA
42483830,Brucellosis due to Brucella melitensis,443590,Infection caused by Brucella melitensis,exactMatch,NA,NA,NA
42483858,"Zoonotic bacterial disease, unspecified",432545,Bacterial infectious disease,broadMatch,NA,NA,NA
42484116,Other specified viral encephalitis,372547,Viral encephalitis,exactMatch,NA,NA,NA
42484445,Plasmodium malariae malaria without complication,438353,Quartan malaria,exactMatch,NA,NA,NA
42484592,Other specified infestations,432251,Parasitic disease,exactMatch,NA,NA,NA
42484594,Unspecified parasitic disease,432251,Parasitic disease,exactMatch,NA,NA,NA
42484898,"Malignant melanoma of upper limb, including shoulder",4149851,Malignant melanoma of upper limb,exactMatch,NA,NA,NA
42485220,"Non-Hodgkin lymphoma, unspecified",4038838,Non-Hodgkin's lymphoma (clinical),exactMatch,NA,NA,NA
42485669,"Neoplasm of uncertain or unknwon behavior of endocrine gland, unspecified",4302836,Neoplasm of endocrine gland,exactMatch,NA,NA,NA
42485732,Thalassaemia,30978,Thalassemia,exactMatch,NA,NA,NA
42485777,Anaemia in other chronic diseases classified elsewhere,437247,Anemia of chronic disease,exactMatch,NA,NA,NA
42485847,Selective deficiency of immunoglobulin M[IgM],434893,Selective immunoglobulin M deficiency,exactMatch,NA,NA,NA
42485922,"Nontoxic goitre, unspecified",141825,Simple goiter,exactMatch,NA,NA,NA
42486231,"Hyperaldosteronism, unspecified",195213,Hyperaldosteronism,exactMatch,NA,NA,NA
42486310,Other vitamin deficiencies,436658,Vitamin deficiency,exactMatch,NA,NA,NA
42486319,Copper deficiency,4024266,Hypocupremia,exactMatch,NA,NA,NA
42486358,Disorders of tyrosine metabolism,4291019,Disorder of tyrosine metabolism,exactMatch,NA,NA,NA
42486701,"Persistent mood[affective] disorder, unspe- cified",444100,Mood disorder,exactMatch,NA,NA,NA
42486889,Childhood autism,434902,Autistic disorder of childhood onset,exactMatch,NA,NA,NA
42486962,"Meningitis, unspecified",435785,Meningitis,exactMatch,NA,NA,NA
42487128,"Migraine, unspecified",318736,Migraine,exactMatch,NA,NA,NA
42487129,Other headache syndromes,375527,Headache disorder,exactMatch,NA,NA,NA
42487203,Other nerve root and plexus disorders,43531046,Disorder of nerve root and/or plexus,exactMatch,NA,NA,NA
42487208,Nerve root and plexus compressions in spondylosis(M47.-�),4105009,Nerve root and plexus compressions in spondylosis,exactMatch,NA,NA,NA
42487274,Congenital and developmental myasthenia,4046356,Congenital myasthenic syndrome,exactMatch,NA,NA,NA
42488431,"Nonrheumatic mitral valve disorder, unspecified",45769461,Non-rheumatic mitral valve disease,exactMatch,NA,NA,NA
42488458,Isolated myocarditis,4143969,Isolated (Fiedler's) myocarditis,exactMatch,NA,NA,NA
42488570,Subdural haemorrhage (acute)(nontraumatic),42535426,Acute nontraumatic subdural hemorrhage,exactMatch,NA,NA,NA
42488804,Nonspecific lymphadenitis,316084,Lymphadenitis,exactMatch,NA,NA,NA
42489033,"Chronic obstructive pulmonary disease with acute exacerbation, unspecified, mild",257004,Acute exacerbation of chronic obstructive pulmonary disease,broadMatch,NA,NA,NA
42489037,Other specified chronic obstructive pulmonary disease,255573,Chronic obstructive pulmonary disease,exactMatch,NA,NA,NA
42489041,"Other specified chronic obstructive pulmonary disease, unspecified",255573,Chronic obstructive pulmonary disease,exactMatch,NA,NA,NA
42489065,Status asthmaticus,37116845,Acute severe refractory exacerbation of asthma,exactMatch,NA,NA,NA
42489166,"Chronic respiratory failure, type I [hypoxic]",4177862,Chronic hypoxemic respiratory failure,exactMatch,NA,NA,NA
42489309,Sensitive dentine,4028685,Sensitive dentin,exactMatch,NA,NA,NA
42489347,Acute periodontitis,132943,Acute periodontitis,exactMatch,NA,NA,NA
42489389,"Anomaly of jaw size, unspecified",45757682,Anomaly of jaw size,exactMatch,NA,NA,NA
42489446,Other specified disorders of teeth and supporting structures,201603,Disorder of teeth AND/OR supporting structures,exactMatch,NA,NA,NA
42489473,Disturbances of salivary secretion,27587,Disturbance of salivary secretion,exactMatch,NA,NA,NA
42489523,Acute erosion of stomach with haemorrhage,4143871,Erosion of stomach with hemorrhage,exactMatch,4143871,Acute erosion of stomach with haemorrhage,broadMatch
42489570,Chronic or unspecified gastrojejunal ulcer with hemorrhage,433515,Chronic gastrojejunal ulcer with hemorrhage,exactMatch,NA,NA,NA
42489572,Chronic or unspecified gastrojejunal ulcer with both hemorrhage and perforation,4164920,Chronic gastrojejunal ulcer with hemorrhage and perforation,exactMatch,NA,NA,NA
42489645,Incisionall hernia with gangrene,199868,Incisional hernia with gangrene,exactMatch,NA,NA,NA
42489776,Other specified functional intestinal disorders,196151,Functional disorder of intestine,exactMatch,NA,NA,NA
42489837,Disorders of peritoneum in infectious diseases classified elsewhere,443796,Infectious peritonitis,exactMatch,NA,NA,NA
42489855,"Alcoholic liver disease, unspecified",201612,Alcoholic liver damage,exactMatch,NA,NA,NA
42489917,"Biliary cirrhosis, unspecified, unspecified",192675,Biliary cirrhosis,exactMatch,NA,NA,NA
42489995,Other diseases of pancreas,192963,Disorder of pancreas,exactMatch,NA,NA,NA
42490022,Other diseases of digestive system,4201745,Disorder of digestive system,exactMatch,NA,NA,NA
42490152,Allergic contact dermatitis due to dyes,4064029,Allergic contact dermatitis caused by dye,exactMatch,NA,NA,NA
42490238,Other specified papulosquamous disorders,4330878,Papulosquamous dermatosis,exactMatch,NA,NA,NA
42490240,Papulosquamous disorders in diseases classified elsewhere,4330878,Papulosquamous dermatosis,exactMatch,NA,NA,NA
42490480,Other disorders of skin and subcutaneous tissue in diseases classified elsewhere,200174,Disorder of skin and/or subcutaneous tissue,exactMatch,NA,NA,NA
42490575,"Arthritis in other bacterial diseases classified elsewhere, forearm",136779,Disorder of forearm,broadMatch,NA,NA,NA
42490600,"Arthritis in other viral diseases classified elsewhere, lower leg",4094283,Lower limb joint arthritis,broadMatch,NA,NA,NA
42490762,Rheumatoid arthritis with involvement of other organs and systems,80809,Rheumatoid arthritis,broadMatch,NA,NA,NA
42490880,"Seronegative rheumatoid arthritis, shoulder region",1244750,Seronegative rheumatoid arthritis of joint of shoulder region,exactMatch,NA,NA,NA
42491304,"Other chondrocalcinosis, lower leg",437064,Chondrocalcinosis,broadMatch,NA,NA,NA
42491445,Lipoid dermatoarthritis(E78.8�),4224167,Lipoid dermatoarthritis,exactMatch,NA,NA,NA
42491566,"Varus deformity, NEC, multiple sites",37110367,Acquired varus deformity of limb,broadMatch,NA,NA,NA
42491704,"Loose body in joint, site unspecified",79104,Loose body in joint,exactMatch,NA,NA,NA
42491927,Other forms of systemic lupus erythematosus,257628,Systemic lupus erythematosus,exactMatch,NA,NA,NA
42492095,"Other secondary scoliosis, site unspecified",4006163,Acquired scoliosis,exactMatch,NA,NA,NA
42492193,"Other recurrent vertebral subluxation, occipito-atlanto-axial region",4134176,Subluxation of joint of cervical spine,broadMatch,NA,NA,NA
42492510,"Spondylopathy in other infectious and parasitic diseases classified elsewhere, lumbosacral region",37207722,Disorder of joint of lumbosacral vertebra,broadMatch,NA,NA,NA
42492784,Other calcification of muscle,40490403,Calcification of muscle,exactMatch,NA,NA,NA
42492923,Other disorders of muscle in diseases classified elsewhere,137275,Disorder of muscle,exactMatch,NA,NA,NA
42492978,"Other synovitis and tenosynovitis, other",74728,Synovitis and tenosynovitis,exactMatch,NA,NA,NA
42493024,"Spontaneous rupture of flexor tendons, other",4188441,Spontaneous rupture of flexor tendons,exactMatch,NA,NA,NA
42493253,"Necrotising fasciitis, hand",133566,Necrotizing fasciitis,broadMatch,NA,NA,NA
42493483,Other specified soft tissue disorders,376208,Disorder of soft tissue,exactMatch,NA,NA,NA
42493875,Fibrous dysplasia (monostotic),4233830,Monostotic fibrous dysplasia,exactMatch,NA,NA,NA
42494070,"Idiopathic aseptic necrosis of bone, forearm",4326828,Osteonecrosis of bone of upper limb,broadMatch,NA,NA,NA
42494188,"Other disorders of bone development and growth, ankle and foot",44782620,Disorder of free lower limb,broadMatch,NA,NA,NA
42494383,"Chondromalacia, site unspecified",438531,Chondromalacia,exactMatch,NA,NA,NA
42495121,"Incomplete other abortion, with other and unspecified complications (conditions in O08.3-O08.)",434413,Incomplete miscarriage with complication,exactMatch,NA,NA,NA
42495174,Gestational [pregnancy-induced] hypertension,4167493,Pregnancy-induced hypertension,exactMatch,NA,NA,NA
42495402,Prolonged pregnancy,432695,Post-term pregnancy,exactMatch,NA,NA,NA
42495425,Failed medical induction of labour,438491,Failed medical induction of labor,exactMatch,NA,NA,NA
42495520,Toxic reaction to local anaesthesia during labour and delivery,4065626,Toxic reaction to local anesthetic during labor and delivery,exactMatch,NA,NA,NA
42495796,Other respiratory distress of newborn,258866,Respiratory distress syndrome in the newborn,exactMatch,37161510,Neonatal respiratory distress,exactMatch
42496152,"Congenital absence, atresia and stricture of auditory canal(external)",4185093,Congenital stricture of external auditory canal,broadMatch,NA,NA,NA
42496228,Other specified congenital malformations of heart,312723,Congenital heart disease,exactMatch,NA,NA,NA
42496887,"Localized swelling, mass and lump of skin and subcutaneous tissue",4102120,Swelling of skin,broadMatch,NA,NA,NA
42496937,Frequency of micturition,4270128,Frequency of urination,exactMatch,200843,Finding of frequency of urination,exactMatch
42497062,Clubbing of fingers,134746,Finger clubbing,exactMatch,NA,NA,NA
42497161,Abnormal microbiological findings in specimens from male genital organs,4171911,Abnormal microbiological finding in specimen from male genital organ,exactMatch,NA,NA,NA
42498185,Open wound of vagina and vulva,37310188,Open wound of female external genitalia,broadMatch,NA,NA,NA
42498186,Open wound of other and unspecified external genital organs,4239520,Open wound of external genital organs,exactMatch,NA,NA,NA
42500798,Toxic effects of phenol and phenol homologues,4187822,Poisoning by phenol,exactMatch,40483089,Poisoning by phenolic,exactMatch
42500894,Other specified effects of reduced temperature,4086745,General effects of low temperature,exactMatch,37111520,Cold injury,exactMatch
42501284,Resistance to other single specified antibiotic,37017452,Drug resistance to antibacterial agent,exactMatch,NA,NA,NA
42502994,Inhalation of gastric contents,254163,Pulmonary aspiration of gastric contents,exactMatch,NA,NA,NA
42503460,"Contact with venomous marine animals and plants, unspecified place",4155221,Exposure to poison of venomous animals and plants,broadMatch,NA,NA,NA
42505118,"Surgical operation with formation of external stoma as the cause of abnormal reaction of the patient, or of later complication, without mention of misadventure at the time of the procedure",4123283,Disorder of stoma,broadMatch,NA,NA,NA
42505140,Sequelae of assault,4054807,Late effects of assault,exactMatch,NA,NA,NA
42505276,Contact with and exposure to intestinal infectious diseases,37116462,Exposure to intestinal infectious disease,exactMatch,NA,NA,NA
42505348,Menstrual extraction,2004528,Menstrual extraction or regulation,exactMatch,NA,NA,NA
42505756,Family history of malignant neoplasm of breast,4179963,Family history of breast cancer,exactMatch,NA,NA,NA
42505891,Heart and lungs transplant status,42538118,Transplanted heart-lung present,exactMatch,42538118,Transplanted heart-lung present,broadMatch
42505980,"Hereditary disturbances in tooth structure, unspecified",606884,Hereditary disorder of tooth,exactMatch,NA,NA,NA
42616346,"Pyogenic arthritis, unspecified, Upper arm",76191,Disorder of upper arm,broadMatch,NA,NA,NA
42617391,"Thoracogenic scoliosis, site unspecified",253009,Thoracogenic scoliosis,exactMatch,NA,NA,NA
42617412,"Other forms of scoliosis, occipito-atlanto-axial region",4179319,Scoliosis of cervical spine,broadMatch,NA,NA,NA
42617680,"Spinal stenosis, lumbosacral region",4152592,Spinal stenosis of lumbosacral region,exactMatch,NA,NA,NA
42617855,"Sacrococcygeal disorders, not elsewhere classified, sacral and sacrococcygeal region",138841,Disorder of sacrum,broadMatch,NA,NA,NA
42617884,"Panniculitis affecting regions of neck and back, sacral and sacrococcygeal region",4273693,Panniculitis affecting sacrum,broadMatch,NA,NA,NA
42617901,"Other dorsalgia, thoracolumbar region",42596408,Thoracolumbar back pain,exactMatch,NA,NA,NA
42618386,"Syphilitic bursitis, pelvic region and thigh",4001478,Syphilitic bursitis,broadMatch,NA,NA,NA
42618665,"Localized osteoporosis [Lequesne], other",4004623,Localized osteoporosis - Lequesne,exactMatch,NA,NA,NA
42618963,"Subacute osteomyelitis, ankle and foot",4284844,Subacute osteomyelitis,broadMatch,NA,NA,NA
42619005,"Other osteomyelitis, multiple sites",134137,Osteomyelitis of multiple sites,exactMatch,NA,NA,NA
42619027,"Idiopathic aseptic necrosis of bone, forearm",4326828,Osteonecrosis of bone of upper limb,broadMatch,NA,NA,NA
42619363,"Juvenile idiopathic scoliosis, multiple sites in spine",4067872,Adolescent idiopathic scoliosis,broadMatch,NA,NA,NA
42890581,Haemangioma of bone,37310560,Hemangioma of bone,exactMatch,NA,NA,NA
43054093,Undifferentiated nasopharyngeal carcinoma,4306501,Undifferentiated carcinoma of nasopharynx,exactMatch,NA,NA,NA
43054172,Myxofibrosarcoma,36716855,Primary myxofibrosarcoma,exactMatch,NA,NA,NA
44503431,"Neoplasm, benign of cerebral meninges",376063,Benign neoplasm of cerebral meninges,exactMatch,NA,NA,NA
44503495,"Astrocytoma, NOS, of brain stem",37016118,Astrocytoma of brain stem,exactMatch,NA,NA,NA
44504255,"Neoplasm, benign of vulva, NOS",438390,Benign neoplasm of vulva,exactMatch,NA,NA,NA
44505202,"Neoplasm, benign of placenta",4242817,Benign neoplasm of placenta,exactMatch,NA,NA,NA
44819370,Human herpesvirus 6 encephalitis,40479557,Encephalitis caused by human herpesvirus 6 infection,exactMatch,NA,NA,NA
44819551,"Other and unspecified alcohol dependence, episodic",435243,Alcohol dependence,exactMatch,435532,Episodic chronic alcoholism,exactMatch
44819592,"Migraine, unspecified",318736,Migraine,exactMatch,NA,NA,NA
44819790,"Duodenitis, without mention of hemorrhage",433516,Duodenitis,exactMatch,NA,NA,NA
44820068,Other abnormality of urination,45757776,Abnormal urination,exactMatch,NA,NA,NA
44821095,Exfoliation due to erythematous condition involving 10-19 percent of body surface,40481101,Erythema of skin,broadMatch,NA,NA,NA
44821154,"Enthesopathy of elbow, unspecified",73842,Enthesopathy of elbow region,exactMatch,NA,NA,NA
44821454,Accidents caused by transmission machinery,439456,Accident caused by power transmission machinery,exactMatch,NA,NA,NA
44821843,Other choreas,440990,Chorea,exactMatch,NA,NA,NA
44821875,Other macular scars,372907,Scarred macula,exactMatch,NA,NA,NA
44822511,Poisoning by antiasthmatics,316577,Poisoning by antiasthmatic,exactMatch,NA,NA,NA
44824112,"Other specified types of schizophrenia, subchronic",440373,Subchronic schizophrenia,exactMatch,NA,NA,NA
44824615,Other vomiting in newborn,4169915,Vomiting in newborn,exactMatch,NA,NA,NA
44825829,Psychomotor deficit,4220292,Impaired psychomotor performance,exactMatch,42535018,Cognitive deficit in psychomotor function,exactMatch
44826331,Madura foot,196329,Mycetoma of foot,exactMatch,NA,NA,NA
44826498,Episodic mood disorders,44784632,Episodic mood disorder,exactMatch,NA,NA,NA
44826645,Cerebral embolism without mention of cerebral infarction,375557,Cerebral embolism,exactMatch,NA,NA,NA
44827043,"Open dislocation of hip, unspecified site",75669,Open dislocation of hip,exactMatch,NA,NA,NA
44827270,Late effects of self-inflicted injury,435446,Late effect of self inflicted injury,exactMatch,NA,NA,NA
44827457,"Tuberculosis of bronchus, tubercle bacilli not found by bacteriological examination, but tuberculosis confirmed histologically",256896,Tuberculosis of bronchus,exactMatch,NA,NA,NA
44827613,Other specified acquired hypothyroidism,138384,Acquired hypothyroidism,exactMatch,NA,NA,NA
44827777,Mitral valve insufficiency and aortic valve stenosis,320115,Mitral insufficiency and aortic stenosis,exactMatch,NA,NA,NA
44827905,"Other specified disorders of uterus, not elsewhere classified",200780,Disorder of uterus,exactMatch,NA,NA,NA
44827989,"Other phlebitis and thrombosis complicating pregnancy and the puerperium, delivered, with mention of postpartum complication",444094,Finding related to pregnancy,broadMatch,NA,NA,NA
44828277,Late effects of other and unspecified injuries,435119,Late effect of injury,exactMatch,NA,NA,NA
44828833,Dissociative identity disorder,435230,Multiple personality disorder,exactMatch,NA,NA,NA
44828968,Mitral valve stenosis and aortic valve insufficiency,321041,Mitral stenosis and aortic insufficiency,exactMatch,NA,NA,NA
44829488,Anaphylactic reaction due to vaccination,37163629,Anaphylaxis caused by component of vaccine product,exactMatch,NA,NA,NA
44829563,"Poisoning by other gases, undetermined whether accidentally or purposely inflicted",40493247,Poisoning by fumes,exactMatch,608027,Poisoning caused by gaseous substance,exactMatch
44829711,"Tuberculoma of brain, tubercle bacilli not found by bacteriological examination, but tuberculosis confirmed histologically",375732,Tuberculoma of brain,exactMatch,NA,NA,NA
44829752,Hepatitis E with hepatic coma,377604,Hepatic coma,broadMatch,NA,NA,NA
44829905,Graft-versus-host disease,443216,Graft versus host disease,exactMatch,NA,NA,NA
44830208,Kidney failure following abortion and ectopic and molar pregnancies,444094,Finding related to pregnancy,broadMatch,NA,NA,NA
44830295,Unspecified disorder of lactation,80471,Disorder of lactation,exactMatch,NA,NA,NA
44830450,Other symptoms involving urinary system,4024000,Urinary system finding,exactMatch,74174,Urinary symptoms,exactMatch
44830528,Intracranial injury of other and unspecified nature with open intracranial wound,438590,Brain injury with open intracranial wound,exactMatch,NA,NA,NA
44830588,Full-thickness skin loss due to burn [third degree NOS] of trunk,198911,Full thickness burn of trunk,exactMatch,NA,NA,NA
44830712,Assault by submersion [drowning],439448,Assault by drowning,exactMatch,NA,NA,NA
44830718,Terrorism involving other means,439237,Assault,broadMatch,NA,NA,NA
44830798,Other urinary problems,4024000,Urinary system finding,exactMatch,75865,Disorder of the urinary system,exactMatch
44831576,Late anemia of fetus or newborn due to isoimmunization,4071073,Late anemia of newborn due to isoimmunization,exactMatch,NA,NA,NA
44832349,Disorders of visual cortex associated with neoplasms,4109398,Visual cortex disorder due to neoplasm,exactMatch,NA,NA,NA
44833187,"Tuberculous fibrosis of lung, bacteriological or histological examination not done",258335,Tuberculous fibrosis of lung,exactMatch,NA,NA,NA
44833191,"Tuberculous meningitis, unspecified",441775,Tuberculosis of meninges,exactMatch,NA,NA,NA
44833229,Other specified viral meningitis,433403,Viral meningitis,exactMatch,NA,NA,NA
44833445,"Persistent migraine aura with cerebral infarction, with intractable migraine, so stated, with status migrainosus",377844,Status migrainosus,broadMatch,NA,NA,NA
44833605,"Upper respiratory tract hypersensitivity reaction, site unspecified",254387,Upper respiratory tract hypersensitivity reaction,exactMatch,NA,NA,NA
44833743,"Other congenital or acquired abnormality of cervix, delivered, with or without mention of antepartum condition",442781,Disorder of uterine cervix,broadMatch,NA,NA,NA
44834882,"Peripheral neuritis in pregnancy, postpartum condition or complication",4062566,Peripheral neuritis in pregnancy with postnatal complication,exactMatch,NA,NA,NA
44834899,"Other multiple pregnancy with fetal loss and retention of one or more fetus(es), delivered, with or without mention of antepartum condition",4069761,Retained fetal tissue,broadMatch,NA,NA,NA
44834936,"Superficial thrombophlebitis complicating pregnancy and the puerperium, delivered, with or without mention of antepartum condition",4041280,Postpartum finding,broadMatch,NA,NA,NA
44835126,"Open fractures involving skull or face with other bones, without mention of intracranial injury, with brief [less than one hour] loss of consciousness",4264281,Open fracture,broadMatch,NA,NA,NA
44835800,"Opioid type dependence, unspecified",438120,Opioid dependence,exactMatch,NA,NA,NA
44836554,Accident caused by unspecified electric current,435146,Accident caused by electric current,exactMatch,NA,NA,NA
44837245,"Diabetes mellitus of mother, complicating pregnancy, childbirth, or the puerperium, unspecified as to episode of care or not applicable",194700,"Diabetes mellitus in mother complicating pregnancy, childbirth AND/OR puerperium",exactMatch,NA,NA,NA
44837370,"Chronic osteomyelitis, site unspecified",134735,Chronic osteomyelitis,exactMatch,NA,NA,NA
45420635,Hypertrophic cicatrix,4058388,Hypertrophic scar,exactMatch,NA,NA,NA
45422081,Serum cystatin C level,37208600,Cystatin C mass concentration in serum,exactMatch,4248803,Serum cystatin C measurement,exactMatch
45422256,B12 defic. initial assessment,4063247,B12 deficiency initial assessment,exactMatch,NA,NA,NA
45423748,Caesarean delivery unspecified,193277,Deliveries by cesarean,exactMatch,4015701,Cesarean section,exactMatch
45431148,"[X]Fall on and from scaffolding, occurrence at unspecified place",432804,Fall from scaffold,exactMatch,NA,NA,NA
45431993,Faeces examination - colour,4021487,Finding of color of stool,exactMatch,4065548,Color of stool,exactMatch
45433967,[D]Urethral discharge NOS,196821,Urethral discharge,exactMatch,NA,NA,NA
45439381,Fluid diet,4033731,Liquid diet,exactMatch,NA,NA,NA
45441681,O/E - aegophony,4064823,Egophony,exactMatch,NA,NA,NA
45441866,60 minute serum TSH level,4195346,Measurement of serum thyroid stimulating hormone concentration 60 minutes after challenge,exactMatch,NA,NA,NA
45445431,B12 defic.follow-up assessment,4063248,B12 deficiency follow-up assessment,exactMatch,NA,NA,NA
45448373,Nasal allergy challenge,4064986,Nasal provocation test,exactMatch,NA,NA,NA
45448438,Omega-5 gliadin IgE level,40480139,Measurement of immunoglobulin E antibody to omega-5 gliadin,exactMatch,NA,NA,NA
45448546,Total count of motile sperm,4043611,Total count of motile spermatozoa,exactMatch,NA,NA,NA
45454963,O/E - stoma,138667,Stoma finding,exactMatch,4248521,Observation of appearance of stoma,exactMatch
45457257,[D]Urinary system symptoms,74174,Urinary symptoms,exactMatch,NA,NA,NA
45458717,Endocrine monitoring NOS,4063245,Endocrine disorder monitoring,exactMatch,NA,NA,NA
45461957,Valaciclovir level,44790058,Valaciclovir measurement,exactMatch,NA,NA,NA
45461999,Vomit pH,4055572,Measurement of vomit pH,exactMatch,NA,NA,NA
45462167,Prognosis poor,4063380,Prognosis bad,exactMatch,NA,NA,NA
45465320,Serum parathyroid hormone,4154637,Serum parathyroid hormone measurement,exactMatch,NA,NA,NA
45465331,Serum bicarbonate,4150494,Serum bicarbonate measurement,exactMatch,NA,NA,NA
45465339,Serum methaemalbumin level,4198877,Serum methemalbumin measurement,exactMatch,NA,NA,NA
45467089,Breech presentation NOS,74698,Breech presentation,exactMatch,NA,NA,NA
45467346,Naevus flammeus,4219552,Port-wine stain of skin,exactMatch,NA,NA,NA
45468855,CSF electrophoresis,4043594,CSF: electrophoresis,exactMatch,NA,NA,NA
45471238,Adverse reaction to thyroxine sodium,4162153,Thyroxine adverse reaction,exactMatch,NA,NA,NA
45472951,Admission to hospital,8715,Hospital admission,exactMatch,NA,NA,NA
45475055,Owner-occupier,4059643,Lives in own home,exactMatch,NA,NA,NA
45488815,Synovial fluid exam. NOS,4057464,Synovial fluid examination,exactMatch,NA,NA,NA
45488830,Culture - bacteriology,4016945,Bacterial culture,exactMatch,NA,NA,NA
45491843,O/E - strabismus NOS,4329707,Strabismus,exactMatch,NA,NA,NA
45494505,[X]Fall on/from ladder,432803,Fall from ladder,exactMatch,NA,NA,NA
45501759,O/E - strabismus - squint,4329707,Strabismus,exactMatch,NA,NA,NA
45511686,O/E wound healing delayed,37312235,Delayed healing of wound,exactMatch,NA,NA,NA
45515364,Brucella serology,4017915,Measurement of Brucella species antibody,exactMatch,NA,NA,NA
45515541,Urine screen due,4064384,Urine screening due,exactMatch,NA,NA,NA
45516780,Low vision,373786,Abnormal vision,broadMatch,NA,NA,NA
45518269,Child lives with father,4072595,Lives with father,exactMatch,NA,NA,NA
45518428,O/E - R.femoral pulse present,37312075,Pulse present in right femoral artery,exactMatch,NA,NA,NA
45518629,Urine sex hor. 24hr. assay NOS,4055429,Urine sex hormone 24 hour assay,exactMatch,NA,NA,NA
45520843,"Injured by rolling stock, NOS",4072660,Hit by railway vehicle,broadMatch,4072660,Hit by railway vehicle,exactMatch
45522851,Malingerer,4051630,Malingering,exactMatch,NA,NA,NA
45532957,Other heavy chain disease,4288751,Heavy chain disease,exactMatch,NA,NA,NA
45533656,"Pressure ulcer of unspecified hip, stage 1",37170748,Pressure injury of hip stage I,exactMatch,NA,NA,NA
45534326,"Diseases of the respiratory system complicating pregnancy, second trimester",4060429,"Disease of the respiratory system complicating pregnancy, childbirth and/or the puerperium",broadMatch,NA,NA,NA
45537491,"Assault by other bodily force, subsequent encounter",4054796,Assault with body part,exactMatch,NA,NA,NA
45537526,"War operations involving rubber bullets, military personnel, initial encounter",434834,War injury due to rubber bullets,exactMatch,NA,NA,NA
45537844,Malignant poorly differentiated neuroendocrine tumors,761025,Poorly differentiated malignant carcinoid tumor,exactMatch,NA,NA,NA
45537885,"Carcinoma in situ of breast, unspecified",81250,Carcinoma in situ of breast,exactMatch,NA,NA,NA
45537984,Fabry (-Anderson) disease,4042934,Fabry's disease,exactMatch,NA,NA,NA
45538653,"Drug-induced gout, vertebrae",46270460,Gout of vertebra caused by drug,exactMatch,NA,NA,NA
45538982,"Osteonecrosis due to previous trauma, other site",37164275,Osteonecrosis due to trauma,exactMatch,NA,NA,NA
45539079,(Induced) termination of pregnancy with unspecified complications,37162983,Disorder following induced termination of pregnancy,exactMatch,NA,NA,NA
45539133,"Continuing pregnancy after elective fetal reduction of one fetus or more, second trimester, fetus 1",4244438,Second trimester pregnancy,broadMatch,NA,NA,NA
45542656,"Mature T/NK-cell lymphomas, unspecified, lymph nodes of inguinal region and lower limb",37165866,Mature T-cell AND/OR NK cell neoplasm,broadMatch,NA,NA,NA
45543904,Vaginismus,193261,Vaginospasm,exactMatch,NA,NA,NA
45543919,"Infections of bladder in pregnancy, third trimester",4146482,Urinary tract infection in pregnancy,broadMatch,NA,NA,NA
45547303,Encounter for elective termination of pregnancy,4081422,Elective termination of pregnancy,exactMatch,NA,NA,NA
45547418,Gonococcal arthritis,74864,Gonococcal infection of joint,exactMatch,NA,NA,NA
45547559,"Juvenile myelomonocytic leukemia, not having achieved remission",40482847,Juvenile myelomonocytic leukemia,exactMatch,NA,NA,NA
45547832,Endothelial corneal dystrophy,443740,Corneal endothelial dystrophy,exactMatch,NA,NA,NA
45547895,"Glaucoma secondary to other eye disorders, left eye",436398,Glaucoma associated with ocular disorder,broadMatch,NA,NA,NA
45548255,Rheumatoid heart disease with rheumatoid arthritis of unspecified hip,4116150,Rheumatoid arthritis of hip,broadMatch,NA,NA,NA
45548294,"Drug-induced gout, unspecified ankle and foot",46270453,Gout of ankle and/or foot caused by drug,exactMatch,NA,NA,NA
45548832,Labor and delivery complicated by other evidence of fetal stress,4063307,Labor and delivery complicated by biochemical evidence of fetal stress,exactMatch,NA,NA,NA
45548837,Other embolism in childbirth,4185607,Embolism,broadMatch,NA,NA,NA
45552225,Cutaneous chromomycosis,4080755,Cutaneous chromoblastomycosis,exactMatch,NA,NA,NA
45552460,"Other psychoactive substance abuse with intoxication, unspecified",607217,Psychoactive substance-induced intoxication,exactMatch,NA,NA,NA
45552782,Other acute ischaemic heart diseases,319844,Acute ischemic heart disease,exactMatch,NA,NA,NA
45553035,"Other reactive arthropathies, unspecified wrist",1244729,Reactive arthritis of joint of wrist region,exactMatch,NA,NA,NA
45555996,"Poisoning by amphetamines, intentional self-harm, initial encounter",606763,Intentional amphetamine and/or amphetamine derivative poisoning,exactMatch,NA,NA,NA
45556926,Other varicella complications,437791,Chickenpox with complication,exactMatch,NA,NA,NA
45557037,Waldenstr�m macroglobulinaemia,4098597,Waldenstr�m macroglobulinemia,exactMatch,NA,NA,NA
45557206,"Reaction to severe stress, and adjustment disorders",4152371,Stress and adjustment reaction,exactMatch,NA,NA,NA
45557282,"Paralytic lagophthalmos unspecified eye, unspecified eyelid",375821,Paralytic lagophthalmos,exactMatch,NA,NA,NA
45557771,"Pauciarticular juvenile rheumatoid arthritis, unspecified elbow",1076080,Juvenile idiopathic arthritis of elbow,exactMatch,1076080,Juvenile idiopathic arthritis of elbow,broadMatch
45557863,Mucocutaneous lymph node syndrome [Kawasaki],314381,Acute febrile mucocutaneous lymph node syndrome,exactMatch,NA,NA,NA
45557973,"Other infective bursitis, left wrist",4184657,Bursitis of wrist,broadMatch,NA,NA,NA
45558103,"Major osseous defect, left lower leg",72986,Disorder of lower leg,broadMatch,NA,NA,NA
45558312,"Other placental disorders, third trimester",4053583,Disorder of placenta,broadMatch,NA,NA,NA
45561667,Personal history of allergy to penicillin,4240903,Allergy to penicillin,exactMatch,NA,NA,NA
45561802,Basal cell carcinoma of skin of other part of trunk,4297668,Basal cell carcinoma of truncal skin,exactMatch,NA,NA,NA
45561948,Type 1 diabetes mellitus with diabetic amyotrophy,4143857,Lumbosacral radiculoplexus neuropathy due to type 1 diabetes mellitus,exactMatch,NA,NA,NA
45562265,Other strabismus,4329707,Strabismus,exactMatch,NA,NA,NA
45563138,"Oligohydramnios, second trimester, other fetus",434111,Oligohydramnios,broadMatch,NA,NA,NA
45563192,"Protozoal diseases complicating pregnancy, unspecified trimester",36715504,Protozoal disease complicating pregnancy childbirth and the puerperium,exactMatch,36715504,Protozoal disease complicating pregnancy childbirth and the puerperium,broadMatch
45563320,Polydipsia,432454,Excessive thirst,exactMatch,NA,NA,NA
45566422,"Antenatal screening, unspecified",4087235,Antenatal screening,exactMatch,NA,NA,NA
45566515,Gonococcal spondylopathy,72562,Gonococcal spondylitis,exactMatch,NA,NA,NA
45566588,Other specified malignant neoplasm of skin of breast,4247348,Primary malignant neoplasm of skin of breast,exactMatch,NA,NA,NA
45566678,Benign neoplasm: Epididymis,73723,Benign neoplasm of epididymis,exactMatch,NA,NA,NA
45566726,Drug or chemical induced diabetes mellitus with other circulatory complications,4202383,Drug-induced diabetes mellitus,broadMatch,NA,NA,NA
45567180,Acute on chronic systolic (congestive) heart failure,40480602,Acute on chronic systolic heart failure,exactMatch,NA,NA,NA
45567215,Atherosclerosis of autologous vein bypass graft(s) of the right leg with ulceration of thigh,40484541,Atherosclerosis of autologous vein bypass graft of limb,broadMatch,NA,NA,NA
45567277,Pleural plaque with presence of asbestos,4049971,Asbestos-induced pleural plaque,exactMatch,NA,NA,NA
45567300,"Acute appendicitis, other and unspecified",4310400,Acute appendicitis,exactMatch,NA,NA,NA
45567408,Rheumatoid vasculitis with rheumatoid arthritis of left knee,4271003,Rheumatoid vasculitis,broadMatch,NA,NA,NA
45567509,Other articular cartilage disorders,439103,Articular cartilage disorder,exactMatch,NA,NA,NA
45567717,"Pathological fracture in neoplastic disease, right radius, subsequent encounter for fracture with delayed healing",760661,Pathological fracture of right radius due to neoplasm,exactMatch,NA,NA,NA
45568000,"Abscess of breast associated with pregnancy, unspecified trimester",443263,Obstetric breast abscess,exactMatch,80796,"Abscess of breast, associated with childbirth",exactMatch
45568118,Right lower quadrant abdominal rigidity,197107,Abdominal rigidity of right lower quadrant,exactMatch,NA,NA,NA
45571402,Acquired absence of bilateral breasts and nipples,36716836,Bilateral acquired absence of breast,exactMatch,NA,NA,NA
45571415,Other specified intestinal infections,198678,Intestinal infectious disease,exactMatch,NA,NA,NA
45572532,"Abscess of bursa, right ankle and foot",4049120,Abscess of bursa,broadMatch,NA,NA,NA
45572831,"Maternal care for viable fetus in abdominal pregnancy, third trimester, fetus 5",4129027,Viable fetus in abdominal pregnancy,broadMatch,NA,NA,NA
45573037,Excessive crying of infant (baby),37311980,Excessive crying of infant,exactMatch,NA,NA,NA
45576607,Myotonic chondrodystrophy,441280,Schwartz-Jampel syndrome,exactMatch,NA,NA,NA
45576682,"Keratomalacia, unspecified eye",373476,Keratomalacia,exactMatch,NA,NA,NA
45577143,"Other chondrocalcinosis, unspecified knee",40479260,Chondrocalcinosis of knee joint,exactMatch,NA,NA,NA
45577400,"Pathological fracture, right femur, subsequent encounter for fracture with delayed healing",40305987,Delayed union of fracture,broadMatch,NA,NA,NA
45577547,Malfunction of incontinent external stoma of urinary tract,4309167,Malfunction of external stoma of urinary tract,exactMatch,NA,NA,NA
45577672,"Other diseases of the blood and blood-forming organs and certain disorders involving the immune mechanism complicating pregnancy, second trimester",43530950,Complication occurring during pregnancy,broadMatch,NA,NA,NA
45581363,Asymptomatic premature menopause,198715,Premature menopause,exactMatch,198715,Premature menopause,broadMatch
45582087,"Acquired clubhand, unspecified hand",440198,Acquired clubhand,exactMatch,NA,NA,NA
45582279,"Pathological fracture, left shoulder, subsequent encounter for fracture with nonunion",73574,Nonunion of fracture,broadMatch,NA,NA,NA
45582380,Subluxation complex (vertebral) of abdomen and other regions,4068848,Subluxation complex (vertebral),broadMatch,4068848,Subluxation complex (vertebral),exactMatch
45582408,"Priapism, drug-induced",36713172,Priapism caused by drug,exactMatch,NA,NA,NA
45586121,Eosinophilia,4304002,Eosinophil count above reference range,exactMatch,NA,NA,NA
45586237,Other bipolar affective disorders,436665,Bipolar disorder,exactMatch,NA,NA,NA
45586422,"Anterior subcapsular polar infantile and juvenile cataract, unspecified eye",372315,Anterior subcapsular polar cataract,exactMatch,NA,NA,NA
45587159,"Osteitis condensans, unspecified hand",75920,Osteitis condensans,broadMatch,NA,NA,NA
45587269,(Induced) termination of pregnancy with other complications,37162983,Disorder following induced termination of pregnancy,exactMatch,NA,NA,NA
45587461,Developmental ovarian cyst,4108900,Embryonic cyst of ovary,exactMatch,NA,NA,NA
45590756,Malingerer [conscious simulation],4051630,Malingering,exactMatch,NA,NA,NA
45590807,Diphtheria,4265179,Diphtheria caused by Corynebacterium diphtheriae,exactMatch,NA,NA,NA
45591012,Antineoplastic chemotherapy induced pancytopenia,36713112,Pancytopenia due to antineoplastic chemotherapy,exactMatch,NA,NA,NA
45591082,Alcohol dependence with intoxication,435243,Alcohol dependence,broadMatch,NA,NA,NA
45591199,Locked-in state,434644,Locked in syndrome,exactMatch,NA,NA,NA
45591868,"Infective myositis, left finger(s)",4001626,Infective myositis of hand,broadMatch,NA,NA,NA
45592254,"Chorioamnionitis, second trimester, fetus 3",4021397,Chorioamnionitis,broadMatch,NA,NA,NA
45592329,Neonatal aspiration of (clear) amniotic fluid and mucus with respiratory symptoms,434154,Neonatal aspiration syndrome,broadMatch,4153454,Aspiration of liquor or mucus in newborn,broadMatch
45592398,"Trisomy 18, mosaicism (mitotic nondisjunction)",4006587,Trisomy 18 - mitotic nondisjunction mosaicism,exactMatch,NA,NA,NA
45595591,Gonococcal infection of other musculoskeletal tissue,37116425,Infection of musculoskeletal system caused by Neisseria gonorrhoeae,exactMatch,NA,NA,NA
45595597,Other Creutzfeldt-Jakob disease,372241,Creutzfeldt-Jakob disease,exactMatch,NA,NA,NA
45595734,Benign neoplasm: Rectum,444457,Benign neoplasm of rectum,exactMatch,NA,NA,NA
45595795,Type 1 diabetes mellitus with diabetic polyneuropathy,37017431,Polyneuropathy due to type 1 diabetes mellitus,exactMatch,NA,NA,NA
45595843,"Unspecified dementia, unspecified severity, with behavioral disturbance",43530666,Dementia with behavioral disturbance,exactMatch,NA,NA,NA
45595866,"Sedative, hypnotic or anxiolytic dependence with sedative, hypnotic or anxiolytic-induced mood disorder",4103853,"Sedative, hypnotic AND/OR anxiolytic-induced mood disorder",exactMatch,NA,NA,NA
45596553,"Osteophyte, left knee",36684563,Osteophyte of left knee,exactMatch,NA,NA,NA
45596803,"Algoneurodystrophy, unspecified thigh",42539474,Complex regional pain syndrome of lower limb,broadMatch,NA,NA,NA
45596918,"Gestational edema with proteinuria, unspecified trimester",4058113,Gestational edema with proteinuria,exactMatch,NA,NA,NA
45596980,"Maternal care for other isoimmunization, first trimester, other fetus",4239938,First trimester pregnancy,broadMatch,NA,NA,NA
45597018,Long labour,440167,Prolonged labor,exactMatch,NA,NA,NA
45597087,"Neonatal jaundice due to excessive haemolysis, unspecified",1076113,Early neonatal jaundice due to excessive hemolysis,exactMatch,NA,NA,NA
45597198,Abnormal glucose tolerance test,440216,Glucose tolerance test outside reference range,exactMatch,NA,NA,NA
45600371,Acquired absence of left ankle,37174088,Disarticulation of left ankle,exactMatch,NA,NA,NA
45600433,Arthritis due to Lyme disease,4141757,Lyme arthritis,exactMatch,NA,NA,NA
45600530,Malignant carcinoid tumor of unspecified site,1244536,Well-differentiated neuroendocrine tumor,broadMatch,NA,NA,NA
45600585,"Benign neoplasm: Skin of eyelid, including canthus",4242957,Benign neoplasm of skin of eyelid,exactMatch,NA,NA,NA
45600637,Type 1 diabetes mellitus with other diabetic kidney complication,200687,Renal disorder due to type 1 diabetes mellitus,exactMatch,NA,NA,NA
45600651,Diabetes insipidus,1245117,Vasopressin-related polyuria,exactMatch,1245117,Vasopressin-related polyuria,broadMatch
45600749,Other hypochondriacal disorders,434920,Hypochondriasis,exactMatch,NA,NA,NA
45600790,Primary exertional headache,372313,Benign exertional headache,exactMatch,NA,NA,NA
45601090,"Chronic embolism and thrombosis of popliteal vein, bilateral",762023,Chronic deep venous thrombosis of bilateral popliteal veins,exactMatch,NA,NA,NA
45601313,"Drug-induced gout, multiple sites",46270458,Gout of multiple sites caused by drug,exactMatch,NA,NA,NA
45601319,"Hydroxyapatite deposition disease, unspecified hip",37160490,Hydroxyapatite deposition disease of hip joint,exactMatch,NA,NA,NA
45601420,"Flail joint, unspecified wrist",1246051,Flail joint of wrist,exactMatch,NA,NA,NA
45601626,"Solitary bone cyst, left humerus",36684579,Solitary bone cyst of left humerus,exactMatch,NA,NA,NA
45601649,Idiopathic aseptic necrosis of left carpus,4326828,Osteonecrosis of bone of upper limb,broadMatch,NA,NA,NA
45601756,Other noninflammatory disorders of vulva and perineum,195603,Vulval and/or perineal noninflammatory disorders,exactMatch,NA,NA,NA
45601799,"Twin pregnancy, unable to determine number of placenta and number of amniotic sacs, third trimester",441919,Twin pregnancy,broadMatch,NA,NA,NA
45601859,"Disorder of amniotic fluid and membranes, unspecified, second trimester, fetus 4",4244438,Second trimester pregnancy,broadMatch,NA,NA,NA
45601867,"Complete placenta previa NOS or without hemorrhage, third trimester",4218813,Third trimester pregnancy,broadMatch,NA,NA,NA
45605221,Acute hepatitis C with hepatic coma,46270037,Hepatic coma due to acute hepatitis C,exactMatch,NA,NA,NA
45605418,Wernicke encephalopathy,4050977,Wernicke's disease,exactMatch,NA,NA,NA
45605590,Hypertrichosis of right lower eyelid,1246330,Hypertrichosis of right lower eyelid,exactMatch,NA,NA,NA
45605613,"Pinguecula, unspecified eye",376124,Pinguecula,exactMatch,NA,NA,NA
45605636,"Disorder of cornea, unspecified",377280,Disorder of cornea,exactMatch,NA,NA,NA
45605780,"Acute myocardial infarction, unspecified",312327,Acute myocardial infarction,exactMatch,NA,NA,NA
45606032,"Arthritis due to other bacteria, unspecified joint",4167984,Bacterial arthritis,exactMatch,NA,NA,NA
45606040,Rheumatoid lung disease with rheumatoid arthritis of unspecified ankle and foot,256197,Rheumatoid lung disease,broadMatch,NA,NA,NA
45606086,"Drug-induced gout, unspecified site",4035751,Gout secondary to drug,exactMatch,NA,NA,NA
45606197,"Other instability, unspecified hip",4172835,Hip unstable,exactMatch,NA,NA,NA
45606350,"Stress fracture, unspecified shoulder, subsequent encounter for fracture with delayed healing",46270317,Fracture of shoulder,broadMatch,NA,NA,NA
45606390,"Pathological fracture in other disease, right ulna, subsequent encounter for fracture with delayed healing",45766902,Pathological fracture of ulna,broadMatch,NA,NA,NA
45606653,Infection of kidney following delivery,192964,Infectious disorder of kidney,broadMatch,NA,NA,NA
45606661,Postpartum mood disturbance,1244154,Postpartum mood disorder,exactMatch,NA,NA,NA
45609808,"Assault by strike by baseball bat, sequela",4054807,Late effects of assault,broadMatch,NA,NA,NA
45609959,"Unspecified blood type, Rh negative",4013540,RhD negative,exactMatch,NA,NA,NA
45609993,Acquired absence of left breast and nipple,36717483,Acquired total absence of breast,broadMatch,NA,NA,NA
45755391,Hordeolum and chalazion,376125,Disorder of eyelid,broadMatch,NA,NA,NA
45755405,Other degenerative disorders of nervous system in diseases classified elsewhere,4213310,Degenerative disease of the central nervous system,exactMatch,NA,NA,NA
45755524,"Other meniscus derangements, Medial collateral ligament or Other and unspecified medial meniscus",77066,Derangement of medial meniscus,broadMatch,NA,NA,NA
45885744,Haemorrhagic fever with renal syndrome,37399017,Hemorrhagic fever with renal syndrome,exactMatch,NA,NA,NA
45886125,Medical device site inflammation,43021990,Inflammation associated with device,exactMatch,NA,NA,NA
45887097,Topical adhesive allergy,4303675,Allergic reaction to adhesive,exactMatch,NA,NA,NA
45891758,Whole blood thallium concentration,46284148,Whole blood thallium concentration measurement,exactMatch,NA,NA,NA
